address,assigned_object,assigned_object_id,assigned_object_type,comments,created,description,display,display_url,dns_name,id,last_updated,nat_inside,owner,role,tenant,url
172.16.0.1/24,,,,,2026-03-01T04:26:58.133824Z,,172.16.0.1/24,http://192.168.65.40:8000/ipam/ip-addresses/1/,,1,2026-03-01T04:26:58.133842Z,,,,,http://192.168.65.40:8000/api/ipam/ip-addresses/1/
172.16.0.2/24,,,,,2026-03-01T04:26:58.189271Z,,172.16.0.2/24,http://192.168.65.40:8000/ipam/ip-addresses/2/,,2,2026-03-01T04:26:58.189289Z,,,,,http://192.168.65.40:8000/api/ipam/ip-addresses/2/
172.16.0.3/24,,,,,2026-03-01T04:26:58.242509Z,,172.16.0.3/24,http://192.168.65.40:8000/ipam/ip-addresses/3/,,3,2026-03-01T04:26:58.242526Z,,,,,http://192.168.65.40:8000/api/ipam/ip-addresses/3/
172.16.0.4/24,,,,,2026-03-01T04:26:58.298342Z,,172.16.0.4/24,http://192.168.65.40:8000/ipam/ip-addresses/4/,,4,2026-03-01T04:26:58.298360Z,,,,,http://192.168.65.40:8000/api/ipam/ip-addresses/4/
172.16.0.5/24,,,,,2026-03-01T04:26:58.351434Z,,172.16.0.5/24,http://192.168.65.40:8000/ipam/ip-addresses/5/,,5,2026-03-01T04:26:58.351451Z,,,,,http://192.168.65.40:8000/api/ipam/ip-addresses/5/
172.16.0.6/24,,,,,2026-03-01T04:26:58.404513Z,,172.16.0.6/24,http://192.168.65.40:8000/ipam/ip-addresses/6/,,6,2026-03-01T04:26:58.404531Z,,,,,http://192.168.65.40:8000/api/ipam/ip-addresses/6/
172.16.0.7/24,,,,,2026-03-01T04:26:58.453410Z,,172.16.0.7/24,http://192.168.65.40:8000/ipam/ip-addresses/7/,,7,2026-03-01T04:26:58.453428Z,,,,,http://192.168.65.40:8000/api/ipam/ip-addresses/7/
172.16.0.8/24,,,,,2026-03-01T04:26:58.506142Z,,172.16.0.8/24,http://192.168.65.40:8000/ipam/ip-addresses/8/,,8,2026-03-01T04:26:58.506159Z,,,,,http://192.168.65.40:8000/api/ipam/ip-addresses/8/
172.16.0.9/24,,,,,2026-03-01T04:26:58.557167Z,,172.16.0.9/24,http://192.168.65.40:8000/ipam/ip-addresses/9/,,9,2026-03-01T04:26:58.557184Z,,,,,http://192.168.65.40:8000/api/ipam/ip-addresses/9/
172.16.0.10/24,,,,,2026-03-01T04:26:58.611846Z,,172.16.0.10/24,http://192.168.65.40:8000/ipam/ip-addresses/10/,,10,2026-03-01T04:26:58.611863Z,,,,,http://192.168.65.40:8000/api/ipam/ip-addresses/10/
172.16.0.11/24,,,,,2026-03-01T04:26:58.665606Z,,172.16.0.11/24,http://192.168.65.40:8000/ipam/ip-addresses/11/,,11,2026-03-01T04:26:58.665623Z,,,,,http://192.168.65.40:8000/api/ipam/ip-addresses/11/
172.16.0.12/24,,,,,2026-03-01T04:26:58.715282Z,,172.16.0.12/24,http://192.168.65.40:8000/ipam/ip-addresses/12/,,12,2026-03-01T04:26:58.715300Z,,,,,http://192.168.65.40:8000/api/ipam/ip-addresses/12/
172.16.0.13/24,,,,,2026-03-01T04:26:58.766057Z,,172.16.0.13/24,http://192.168.65.40:8000/ipam/ip-addresses/13/,,13,2026-03-01T04:26:58.766075Z,,,,,http://192.168.65.40:8000/api/ipam/ip-addresses/13/
172.16.0.14/24,,,,,2026-03-01T04:26:58.817356Z,,172.16.0.14/24,http://192.168.65.40:8000/ipam/ip-addresses/14/,,14,2026-03-01T04:26:58.817372Z,,,,,http://192.168.65.40:8000/api/ipam/ip-addresses/14/
172.16.0.15/24,,,,,2026-03-01T04:26:58.867969Z,,172.16.0.15/24,http://192.168.65.40:8000/ipam/ip-addresses/15/,,15,2026-03-01T04:26:58.867986Z,,,,,http://192.168.65.40:8000/api/ipam/ip-addresses/15/
172.16.0.16/24,,,,,2026-03-01T04:26:58.918662Z,,172.16.0.16/24,http://192.168.65.40:8000/ipam/ip-addresses/16/,,16,2026-03-01T04:26:58.918679Z,,,,,http://192.168.65.40:8000/api/ipam/ip-addresses/16/
172.16.0.17/24,,,,,2026-03-01T04:26:58.968445Z,,172.16.0.17/24,http://192.168.65.40:8000/ipam/ip-addresses/17/,,17,2026-03-01T04:26:58.968462Z,,,,,http://192.168.65.40:8000/api/ipam/ip-addresses/17/
172.16.0.18/24,,,,,2026-03-01T04:26:59.019177Z,,172.16.0.18/24,http://192.168.65.40:8000/ipam/ip-addresses/18/,,18,2026-03-01T04:26:59.019196Z,,,,,http://192.168.65.40:8000/api/ipam/ip-addresses/18/
172.16.0.19/24,,,,,2026-03-01T04:26:59.070656Z,,172.16.0.19/24,http://192.168.65.40:8000/ipam/ip-addresses/19/,,19,2026-03-01T04:26:59.070674Z,,,,,http://192.168.65.40:8000/api/ipam/ip-addresses/19/
172.16.0.20/24,,,,,2026-03-01T04:26:59.132211Z,,172.16.0.20/24,http://192.168.65.40:8000/ipam/ip-addresses/20/,,20,2026-03-01T04:26:59.132236Z,,,,,http://192.168.65.40:8000/api/ipam/ip-addresses/20/
172.16.0.21/24,,,,,2026-03-01T04:26:59.196311Z,,172.16.0.21/24,http://192.168.65.40:8000/ipam/ip-addresses/21/,,21,2026-03-01T04:26:59.196332Z,,,,,http://192.168.65.40:8000/api/ipam/ip-addresses/21/
172.16.0.22/24,,,,,2026-03-01T04:26:59.247357Z,,172.16.0.22/24,http://192.168.65.40:8000/ipam/ip-addresses/22/,,22,2026-03-01T04:26:59.247374Z,,,,,http://192.168.65.40:8000/api/ipam/ip-addresses/22/
172.16.0.23/24,,,,,2026-03-01T04:26:59.297958Z,,172.16.0.23/24,http://192.168.65.40:8000/ipam/ip-addresses/23/,,23,2026-03-01T04:26:59.297975Z,,,,,http://192.168.65.40:8000/api/ipam/ip-addresses/23/
172.16.0.24/24,,,,,2026-03-01T04:26:59.347615Z,,172.16.0.24/24,http://192.168.65.40:8000/ipam/ip-addresses/24/,,24,2026-03-01T04:26:59.347632Z,,,,,http://192.168.65.40:8000/api/ipam/ip-addresses/24/
172.16.0.25/24,,,,,2026-03-01T04:26:59.400151Z,,172.16.0.25/24,http://192.168.65.40:8000/ipam/ip-addresses/25/,,25,2026-03-01T04:26:59.400168Z,,,,,http://192.168.65.40:8000/api/ipam/ip-addresses/25/
172.16.0.26/24,,,,,2026-03-01T04:26:59.452597Z,,172.16.0.26/24,http://192.168.65.40:8000/ipam/ip-addresses/26/,,26,2026-03-01T04:26:59.452614Z,,,,,http://192.168.65.40:8000/api/ipam/ip-addresses/26/
172.16.0.27/24,,,,,2026-03-01T04:26:59.502757Z,,172.16.0.27/24,http://192.168.65.40:8000/ipam/ip-addresses/27/,,27,2026-03-01T04:26:59.502774Z,,,,,http://192.168.65.40:8000/api/ipam/ip-addresses/27/
172.16.0.28/24,,,,,2026-03-01T04:26:59.553816Z,,172.16.0.28/24,http://192.168.65.40:8000/ipam/ip-addresses/28/,,28,2026-03-01T04:26:59.553833Z,,,,,http://192.168.65.40:8000/api/ipam/ip-addresses/28/
172.16.0.29/24,,,,,2026-03-01T04:26:59.607827Z,,172.16.0.29/24,http://192.168.65.40:8000/ipam/ip-addresses/29/,,29,2026-03-01T04:26:59.607845Z,,,,,http://192.168.65.40:8000/api/ipam/ip-addresses/29/
172.16.0.30/24,,,,,2026-03-01T04:26:59.657914Z,,172.16.0.30/24,http://192.168.65.40:8000/ipam/ip-addresses/30/,,30,2026-03-01T04:26:59.657932Z,,,,,http://192.168.65.40:8000/api/ipam/ip-addresses/30/
172.17.0.1/24,,,,,2026-03-01T04:26:59.708466Z,,172.17.0.1/24,http://192.168.65.40:8000/ipam/ip-addresses/31/,,31,2026-03-01T04:26:59.708482Z,,,,,http://192.168.65.40:8000/api/ipam/ip-addresses/31/
172.17.0.2/24,,,,,2026-03-01T04:26:59.757499Z,,172.17.0.2/24,http://192.168.65.40:8000/ipam/ip-addresses/32/,,32,2026-03-01T04:26:59.757517Z,,,,,http://192.168.65.40:8000/api/ipam/ip-addresses/32/
172.17.0.3/24,,,,,2026-03-01T04:26:59.806710Z,,172.17.0.3/24,http://192.168.65.40:8000/ipam/ip-addresses/33/,,33,2026-03-01T04:26:59.806728Z,,,,,http://192.168.65.40:8000/api/ipam/ip-addresses/33/
172.17.0.4/24,,,,,2026-03-01T04:26:59.857815Z,,172.17.0.4/24,http://192.168.65.40:8000/ipam/ip-addresses/34/,,34,2026-03-01T04:26:59.857833Z,,,,,http://192.168.65.40:8000/api/ipam/ip-addresses/34/
172.17.0.5/24,,,,,2026-03-01T04:26:59.909611Z,,172.17.0.5/24,http://192.168.65.40:8000/ipam/ip-addresses/35/,,35,2026-03-01T04:26:59.909628Z,,,,,http://192.168.65.40:8000/api/ipam/ip-addresses/35/
172.17.0.6/24,,,,,2026-03-01T04:26:59.973985Z,,172.17.0.6/24,http://192.168.65.40:8000/ipam/ip-addresses/36/,,36,2026-03-01T04:26:59.974003Z,,,,,http://192.168.65.40:8000/api/ipam/ip-addresses/36/
172.17.0.7/24,,,,,2026-03-01T04:27:00.028943Z,,172.17.0.7/24,http://192.168.65.40:8000/ipam/ip-addresses/37/,,37,2026-03-01T04:27:00.028960Z,,,,,http://192.168.65.40:8000/api/ipam/ip-addresses/37/
172.17.0.8/24,,,,,2026-03-01T04:27:00.083516Z,,172.17.0.8/24,http://192.168.65.40:8000/ipam/ip-addresses/38/,,38,2026-03-01T04:27:00.083534Z,,,,,http://192.168.65.40:8000/api/ipam/ip-addresses/38/
172.17.0.9/24,,,,,2026-03-01T04:27:00.131142Z,,172.17.0.9/24,http://192.168.65.40:8000/ipam/ip-addresses/39/,,39,2026-03-01T04:27:00.131159Z,,,,,http://192.168.65.40:8000/api/ipam/ip-addresses/39/
172.17.0.10/24,,,,,2026-03-01T04:27:00.189350Z,,172.17.0.10/24,http://192.168.65.40:8000/ipam/ip-addresses/40/,,40,2026-03-01T04:27:00.189368Z,,,,,http://192.168.65.40:8000/api/ipam/ip-addresses/40/
172.17.0.11/24,,,,,2026-03-01T04:27:00.269091Z,,172.17.0.11/24,http://192.168.65.40:8000/ipam/ip-addresses/41/,,41,2026-03-01T04:27:00.269108Z,,,,,http://192.168.65.40:8000/api/ipam/ip-addresses/41/
172.17.0.12/24,,,,,2026-03-01T04:27:00.334745Z,,172.17.0.12/24,http://192.168.65.40:8000/ipam/ip-addresses/42/,,42,2026-03-01T04:27:00.334762Z,,,,,http://192.168.65.40:8000/api/ipam/ip-addresses/42/
172.17.0.13/24,,,,,2026-03-01T04:27:00.394959Z,,172.17.0.13/24,http://192.168.65.40:8000/ipam/ip-addresses/43/,,43,2026-03-01T04:27:00.394977Z,,,,,http://192.168.65.40:8000/api/ipam/ip-addresses/43/
172.17.0.14/24,,,,,2026-03-01T04:27:00.455296Z,,172.17.0.14/24,http://192.168.65.40:8000/ipam/ip-addresses/44/,,44,2026-03-01T04:27:00.455314Z,,,,,http://192.168.65.40:8000/api/ipam/ip-addresses/44/
172.17.0.15/24,,,,,2026-03-01T04:27:00.511768Z,,172.17.0.15/24,http://192.168.65.40:8000/ipam/ip-addresses/45/,,45,2026-03-01T04:27:00.511786Z,,,,,http://192.168.65.40:8000/api/ipam/ip-addresses/45/
172.17.0.16/24,,,,,2026-03-01T04:27:00.565321Z,,172.17.0.16/24,http://192.168.65.40:8000/ipam/ip-addresses/46/,,46,2026-03-01T04:27:00.565338Z,,,,,http://192.168.65.40:8000/api/ipam/ip-addresses/46/
172.17.0.17/24,,,,,2026-03-01T04:27:00.614687Z,,172.17.0.17/24,http://192.168.65.40:8000/ipam/ip-addresses/47/,,47,2026-03-01T04:27:00.614705Z,,,,,http://192.168.65.40:8000/api/ipam/ip-addresses/47/
172.17.0.18/24,,,,,2026-03-01T04:27:00.684506Z,,172.17.0.18/24,http://192.168.65.40:8000/ipam/ip-addresses/48/,,48,2026-03-01T04:27:00.684524Z,,,,,http://192.168.65.40:8000/api/ipam/ip-addresses/48/
172.17.0.19/24,,,,,2026-03-01T04:27:00.734874Z,,172.17.0.19/24,http://192.168.65.40:8000/ipam/ip-addresses/49/,,49,2026-03-01T04:27:00.734891Z,,,,,http://192.168.65.40:8000/api/ipam/ip-addresses/49/
172.17.0.20/24,,,,,2026-03-01T04:27:01.007675Z,,172.17.0.20/24,http://192.168.65.40:8000/ipam/ip-addresses/50/,,50,2026-03-01T04:27:01.007692Z,,,,,http://192.168.65.40:8000/api/ipam/ip-addresses/50/
172.17.0.21/24,,,,,2026-03-01T04:27:01.071490Z,,172.17.0.21/24,http://192.168.65.40:8000/ipam/ip-addresses/51/,,51,2026-03-01T04:27:01.071506Z,,,,,http://192.168.65.40:8000/api/ipam/ip-addresses/51/
172.17.0.22/24,,,,,2026-03-01T04:27:01.125368Z,,172.17.0.22/24,http://192.168.65.40:8000/ipam/ip-addresses/52/,,52,2026-03-01T04:27:01.125385Z,,,,,http://192.168.65.40:8000/api/ipam/ip-addresses/52/
172.17.0.23/24,,,,,2026-03-01T04:27:01.174492Z,,172.17.0.23/24,http://192.168.65.40:8000/ipam/ip-addresses/53/,,53,2026-03-01T04:27:01.174510Z,,,,,http://192.168.65.40:8000/api/ipam/ip-addresses/53/
172.17.0.24/24,,,,,2026-03-01T04:27:01.232149Z,,172.17.0.24/24,http://192.168.65.40:8000/ipam/ip-addresses/54/,,54,2026-03-01T04:27:01.232171Z,,,,,http://192.168.65.40:8000/api/ipam/ip-addresses/54/
172.17.0.25/24,,,,,2026-03-01T04:27:01.303592Z,,172.17.0.25/24,http://192.168.65.40:8000/ipam/ip-addresses/55/,,55,2026-03-01T04:27:01.303611Z,,,,,http://192.168.65.40:8000/api/ipam/ip-addresses/55/
172.17.0.26/24,,,,,2026-03-01T04:27:01.361092Z,,172.17.0.26/24,http://192.168.65.40:8000/ipam/ip-addresses/56/,,56,2026-03-01T04:27:01.361111Z,,,,,http://192.168.65.40:8000/api/ipam/ip-addresses/56/
172.17.0.27/24,,,,,2026-03-01T04:27:01.413879Z,,172.17.0.27/24,http://192.168.65.40:8000/ipam/ip-addresses/57/,,57,2026-03-01T04:27:01.413897Z,,,,,http://192.168.65.40:8000/api/ipam/ip-addresses/57/
172.17.0.28/24,,,,,2026-03-01T04:27:01.466878Z,,172.17.0.28/24,http://192.168.65.40:8000/ipam/ip-addresses/58/,,58,2026-03-01T04:27:01.466895Z,,,,,http://192.168.65.40:8000/api/ipam/ip-addresses/58/
172.17.0.29/24,,,,,2026-03-01T04:27:01.515393Z,,172.17.0.29/24,http://192.168.65.40:8000/ipam/ip-addresses/59/,,59,2026-03-01T04:27:01.515410Z,,,,,http://192.168.65.40:8000/api/ipam/ip-addresses/59/
172.17.0.30/24,,,,,2026-03-01T04:27:01.565849Z,,172.17.0.30/24,http://192.168.65.40:8000/ipam/ip-addresses/60/,,60,2026-03-01T04:27:01.565866Z,,,,,http://192.168.65.40:8000/api/ipam/ip-addresses/60/
172.18.0.1/24,,,,,2026-03-01T04:27:01.615123Z,,172.18.0.1/24,http://192.168.65.40:8000/ipam/ip-addresses/61/,,61,2026-03-01T04:27:01.615140Z,,,,,http://192.168.65.40:8000/api/ipam/ip-addresses/61/
172.18.0.2/24,,,,,2026-03-01T04:27:01.665952Z,,172.18.0.2/24,http://192.168.65.40:8000/ipam/ip-addresses/62/,,62,2026-03-01T04:27:01.665969Z,,,,,http://192.168.65.40:8000/api/ipam/ip-addresses/62/
172.18.0.3/24,,,,,2026-03-01T04:27:01.714903Z,,172.18.0.3/24,http://192.168.65.40:8000/ipam/ip-addresses/63/,,63,2026-03-01T04:27:01.714919Z,,,,,http://192.168.65.40:8000/api/ipam/ip-addresses/63/
172.18.0.4/24,,,,,2026-03-01T04:27:01.766655Z,,172.18.0.4/24,http://192.168.65.40:8000/ipam/ip-addresses/64/,,64,2026-03-01T04:27:01.766672Z,,,,,http://192.168.65.40:8000/api/ipam/ip-addresses/64/
172.18.0.5/24,,,,,2026-03-01T04:27:01.820082Z,,172.18.0.5/24,http://192.168.65.40:8000/ipam/ip-addresses/65/,,65,2026-03-01T04:27:01.820099Z,,,,,http://192.168.65.40:8000/api/ipam/ip-addresses/65/
172.18.0.6/24,,,,,2026-03-01T04:27:01.870009Z,,172.18.0.6/24,http://192.168.65.40:8000/ipam/ip-addresses/66/,,66,2026-03-01T04:27:01.870025Z,,,,,http://192.168.65.40:8000/api/ipam/ip-addresses/66/
172.18.0.7/24,,,,,2026-03-01T04:27:01.921836Z,,172.18.0.7/24,http://192.168.65.40:8000/ipam/ip-addresses/67/,,67,2026-03-01T04:27:01.921852Z,,,,,http://192.168.65.40:8000/api/ipam/ip-addresses/67/
172.18.0.8/24,,,,,2026-03-01T04:27:01.971466Z,,172.18.0.8/24,http://192.168.65.40:8000/ipam/ip-addresses/68/,,68,2026-03-01T04:27:01.971483Z,,,,,http://192.168.65.40:8000/api/ipam/ip-addresses/68/
172.18.0.9/24,,,,,2026-03-01T04:27:02.019379Z,,172.18.0.9/24,http://192.168.65.40:8000/ipam/ip-addresses/69/,,69,2026-03-01T04:27:02.019395Z,,,,,http://192.168.65.40:8000/api/ipam/ip-addresses/69/
172.18.0.10/24,,,,,2026-03-01T04:27:02.070077Z,,172.18.0.10/24,http://192.168.65.40:8000/ipam/ip-addresses/70/,,70,2026-03-01T04:27:02.070093Z,,,,,http://192.168.65.40:8000/api/ipam/ip-addresses/70/
172.18.0.11/24,,,,,2026-03-01T04:27:02.117601Z,,172.18.0.11/24,http://192.168.65.40:8000/ipam/ip-addresses/71/,,71,2026-03-01T04:27:02.117618Z,,,,,http://192.168.65.40:8000/api/ipam/ip-addresses/71/
172.18.0.12/24,,,,,2026-03-01T04:27:02.164655Z,,172.18.0.12/24,http://192.168.65.40:8000/ipam/ip-addresses/72/,,72,2026-03-01T04:27:02.164672Z,,,,,http://192.168.65.40:8000/api/ipam/ip-addresses/72/
172.18.0.13/24,,,,,2026-03-01T04:27:02.214440Z,,172.18.0.13/24,http://192.168.65.40:8000/ipam/ip-addresses/73/,,73,2026-03-01T04:27:02.214458Z,,,,,http://192.168.65.40:8000/api/ipam/ip-addresses/73/
172.18.0.14/24,,,,,2026-03-01T04:27:02.263724Z,,172.18.0.14/24,http://192.168.65.40:8000/ipam/ip-addresses/74/,,74,2026-03-01T04:27:02.263742Z,,,,,http://192.168.65.40:8000/api/ipam/ip-addresses/74/
172.18.0.15/24,,,,,2026-03-01T04:27:02.329224Z,,172.18.0.15/24,http://192.168.65.40:8000/ipam/ip-addresses/75/,,75,2026-03-01T04:27:02.329252Z,,,,,http://192.168.65.40:8000/api/ipam/ip-addresses/75/
172.18.0.16/24,,,,,2026-03-01T04:27:02.383989Z,,172.18.0.16/24,http://192.168.65.40:8000/ipam/ip-addresses/76/,,76,2026-03-01T04:27:02.384008Z,,,,,http://192.168.65.40:8000/api/ipam/ip-addresses/76/
172.18.0.17/24,,,,,2026-03-01T04:27:02.439705Z,,172.18.0.17/24,http://192.168.65.40:8000/ipam/ip-addresses/77/,,77,2026-03-01T04:27:02.439723Z,,,,,http://192.168.65.40:8000/api/ipam/ip-addresses/77/
172.18.0.18/24,,,,,2026-03-01T04:27:02.488499Z,,172.18.0.18/24,http://192.168.65.40:8000/ipam/ip-addresses/78/,,78,2026-03-01T04:27:02.488517Z,,,,,http://192.168.65.40:8000/api/ipam/ip-addresses/78/
172.18.0.19/24,,,,,2026-03-01T04:27:02.538278Z,,172.18.0.19/24,http://192.168.65.40:8000/ipam/ip-addresses/79/,,79,2026-03-01T04:27:02.538296Z,,,,,http://192.168.65.40:8000/api/ipam/ip-addresses/79/
172.18.0.20/24,,,,,2026-03-01T04:27:02.589391Z,,172.18.0.20/24,http://192.168.65.40:8000/ipam/ip-addresses/80/,,80,2026-03-01T04:27:02.589409Z,,,,,http://192.168.65.40:8000/api/ipam/ip-addresses/80/
172.18.0.21/24,,,,,2026-03-01T04:27:02.639992Z,,172.18.0.21/24,http://192.168.65.40:8000/ipam/ip-addresses/81/,,81,2026-03-01T04:27:02.640010Z,,,,,http://192.168.65.40:8000/api/ipam/ip-addresses/81/
172.18.0.22/24,,,,,2026-03-01T04:27:02.689698Z,,172.18.0.22/24,http://192.168.65.40:8000/ipam/ip-addresses/82/,,82,2026-03-01T04:27:02.689715Z,,,,,http://192.168.65.40:8000/api/ipam/ip-addresses/82/
172.18.0.23/24,,,,,2026-03-01T04:27:02.742431Z,,172.18.0.23/24,http://192.168.65.40:8000/ipam/ip-addresses/83/,,83,2026-03-01T04:27:02.742449Z,,,,,http://192.168.65.40:8000/api/ipam/ip-addresses/83/
172.18.0.24/24,,,,,2026-03-01T04:27:02.795226Z,,172.18.0.24/24,http://192.168.65.40:8000/ipam/ip-addresses/84/,,84,2026-03-01T04:27:02.795244Z,,,,,http://192.168.65.40:8000/api/ipam/ip-addresses/84/
172.18.0.25/24,,,,,2026-03-01T04:27:02.852437Z,,172.18.0.25/24,http://192.168.65.40:8000/ipam/ip-addresses/85/,,85,2026-03-01T04:27:02.852453Z,,,,,http://192.168.65.40:8000/api/ipam/ip-addresses/85/
172.18.0.26/24,,,,,2026-03-01T04:27:02.908785Z,,172.18.0.26/24,http://192.168.65.40:8000/ipam/ip-addresses/86/,,86,2026-03-01T04:27:02.908803Z,,,,,http://192.168.65.40:8000/api/ipam/ip-addresses/86/
172.18.0.27/24,,,,,2026-03-01T04:27:02.958859Z,,172.18.0.27/24,http://192.168.65.40:8000/ipam/ip-addresses/87/,,87,2026-03-01T04:27:02.958877Z,,,,,http://192.168.65.40:8000/api/ipam/ip-addresses/87/
172.18.0.28/24,,,,,2026-03-01T04:27:03.013637Z,,172.18.0.28/24,http://192.168.65.40:8000/ipam/ip-addresses/88/,,88,2026-03-01T04:27:03.013654Z,,,,,http://192.168.65.40:8000/api/ipam/ip-addresses/88/
172.18.0.29/24,,,,,2026-03-01T04:27:03.062617Z,,172.18.0.29/24,http://192.168.65.40:8000/ipam/ip-addresses/89/,,89,2026-03-01T04:27:03.062634Z,,,,,http://192.168.65.40:8000/api/ipam/ip-addresses/89/
172.18.0.30/24,,,,,2026-03-01T04:27:03.115957Z,,172.18.0.30/24,http://192.168.65.40:8000/ipam/ip-addresses/90/,,90,2026-03-01T04:27:03.115974Z,,,,,http://192.168.65.40:8000/api/ipam/ip-addresses/90/
172.19.0.1/24,,,,,2026-03-01T04:27:03.166070Z,,172.19.0.1/24,http://192.168.65.40:8000/ipam/ip-addresses/91/,,91,2026-03-01T04:27:03.166088Z,,,,,http://192.168.65.40:8000/api/ipam/ip-addresses/91/
172.19.0.2/24,,,,,2026-03-01T04:27:03.221825Z,,172.19.0.2/24,http://192.168.65.40:8000/ipam/ip-addresses/92/,,92,2026-03-01T04:27:03.221842Z,,,,,http://192.168.65.40:8000/api/ipam/ip-addresses/92/
172.19.0.3/24,,,,,2026-03-01T04:27:03.313920Z,,172.19.0.3/24,http://192.168.65.40:8000/ipam/ip-addresses/93/,,93,2026-03-01T04:27:03.313936Z,,,,,http://192.168.65.40:8000/api/ipam/ip-addresses/93/
172.19.0.4/24,,,,,2026-03-01T04:27:03.366269Z,,172.19.0.4/24,http://192.168.65.40:8000/ipam/ip-addresses/94/,,94,2026-03-01T04:27:03.366285Z,,,,,http://192.168.65.40:8000/api/ipam/ip-addresses/94/
172.19.0.5/24,,,,,2026-03-01T04:27:03.435271Z,,172.19.0.5/24,http://192.168.65.40:8000/ipam/ip-addresses/95/,,95,2026-03-01T04:27:03.435290Z,,,,,http://192.168.65.40:8000/api/ipam/ip-addresses/95/
172.19.0.6/24,,,,,2026-03-01T04:27:03.495325Z,,172.19.0.6/24,http://192.168.65.40:8000/ipam/ip-addresses/96/,,96,2026-03-01T04:27:03.495340Z,,,,,http://192.168.65.40:8000/api/ipam/ip-addresses/96/
172.19.0.7/24,,,,,2026-03-01T04:27:03.546178Z,,172.19.0.7/24,http://192.168.65.40:8000/ipam/ip-addresses/97/,,97,2026-03-01T04:27:03.546194Z,,,,,http://192.168.65.40:8000/api/ipam/ip-addresses/97/
172.19.0.8/24,,,,,2026-03-01T04:27:03.598485Z,,172.19.0.8/24,http://192.168.65.40:8000/ipam/ip-addresses/98/,,98,2026-03-01T04:27:03.598501Z,,,,,http://192.168.65.40:8000/api/ipam/ip-addresses/98/
172.19.0.9/24,,,,,2026-03-01T04:27:03.648984Z,,172.19.0.9/24,http://192.168.65.40:8000/ipam/ip-addresses/99/,,99,2026-03-01T04:27:03.649001Z,,,,,http://192.168.65.40:8000/api/ipam/ip-addresses/99/
172.19.0.10/24,,,,,2026-03-01T04:27:03.696758Z,,172.19.0.10/24,http://192.168.65.40:8000/ipam/ip-addresses/100/,,100,2026-03-01T04:27:03.696775Z,,,,,http://192.168.65.40:8000/api/ipam/ip-addresses/100/
172.19.0.11/24,,,,,2026-03-01T04:27:03.748257Z,,172.19.0.11/24,http://192.168.65.40:8000/ipam/ip-addresses/101/,,101,2026-03-01T04:27:03.748281Z,,,,,http://192.168.65.40:8000/api/ipam/ip-addresses/101/
172.19.0.12/24,,,,,2026-03-01T04:27:03.798812Z,,172.19.0.12/24,http://192.168.65.40:8000/ipam/ip-addresses/102/,,102,2026-03-01T04:27:03.798830Z,,,,,http://192.168.65.40:8000/api/ipam/ip-addresses/102/
172.19.0.13/24,,,,,2026-03-01T04:27:03.854087Z,,172.19.0.13/24,http://192.168.65.40:8000/ipam/ip-addresses/103/,,103,2026-03-01T04:27:03.854104Z,,,,,http://192.168.65.40:8000/api/ipam/ip-addresses/103/
172.19.0.14/24,,,,,2026-03-01T04:27:03.900871Z,,172.19.0.14/24,http://192.168.65.40:8000/ipam/ip-addresses/104/,,104,2026-03-01T04:27:03.900890Z,,,,,http://192.168.65.40:8000/api/ipam/ip-addresses/104/
172.19.0.15/24,,,,,2026-03-01T04:27:03.953983Z,,172.19.0.15/24,http://192.168.65.40:8000/ipam/ip-addresses/105/,,105,2026-03-01T04:27:03.954000Z,,,,,http://192.168.65.40:8000/api/ipam/ip-addresses/105/
172.19.0.16/24,,,,,2026-03-01T04:27:04.004231Z,,172.19.0.16/24,http://192.168.65.40:8000/ipam/ip-addresses/106/,,106,2026-03-01T04:27:04.004248Z,,,,,http://192.168.65.40:8000/api/ipam/ip-addresses/106/
172.19.0.17/24,,,,,2026-03-01T04:27:04.055128Z,,172.19.0.17/24,http://192.168.65.40:8000/ipam/ip-addresses/107/,,107,2026-03-01T04:27:04.055146Z,,,,,http://192.168.65.40:8000/api/ipam/ip-addresses/107/
172.19.0.18/24,,,,,2026-03-01T04:27:04.308757Z,,172.19.0.18/24,http://192.168.65.40:8000/ipam/ip-addresses/108/,,108,2026-03-01T04:27:04.308773Z,,,,,http://192.168.65.40:8000/api/ipam/ip-addresses/108/
172.19.0.19/24,,,,,2026-03-01T04:27:04.383534Z,,172.19.0.19/24,http://192.168.65.40:8000/ipam/ip-addresses/109/,,109,2026-03-01T04:27:04.383551Z,,,,,http://192.168.65.40:8000/api/ipam/ip-addresses/109/
172.19.0.20/24,,,,,2026-03-01T04:27:04.488557Z,,172.19.0.20/24,http://192.168.65.40:8000/ipam/ip-addresses/110/,,110,2026-03-01T04:27:04.488575Z,,,,,http://192.168.65.40:8000/api/ipam/ip-addresses/110/
172.19.0.21/24,,,,,2026-03-01T04:27:05.609609Z,,172.19.0.21/24,http://192.168.65.40:8000/ipam/ip-addresses/111/,,111,2026-03-01T04:27:05.609625Z,,,,,http://192.168.65.40:8000/api/ipam/ip-addresses/111/
172.19.0.22/24,,,,,2026-03-01T04:27:05.788564Z,,172.19.0.22/24,http://192.168.65.40:8000/ipam/ip-addresses/112/,,112,2026-03-01T04:27:05.788581Z,,,,,http://192.168.65.40:8000/api/ipam/ip-addresses/112/
172.19.0.23/24,,,,,2026-03-01T04:27:05.861063Z,,172.19.0.23/24,http://192.168.65.40:8000/ipam/ip-addresses/113/,,113,2026-03-01T04:27:05.861080Z,,,,,http://192.168.65.40:8000/api/ipam/ip-addresses/113/
172.19.0.24/24,,,,,2026-03-01T04:27:05.922947Z,,172.19.0.24/24,http://192.168.65.40:8000/ipam/ip-addresses/114/,,114,2026-03-01T04:27:05.922964Z,,,,,http://192.168.65.40:8000/api/ipam/ip-addresses/114/
172.19.0.25/24,,,,,2026-03-01T04:27:06.019960Z,,172.19.0.25/24,http://192.168.65.40:8000/ipam/ip-addresses/115/,,115,2026-03-01T04:27:06.019976Z,,,,,http://192.168.65.40:8000/api/ipam/ip-addresses/115/
172.19.0.26/24,,,,,2026-03-01T04:27:06.066650Z,,172.19.0.26/24,http://192.168.65.40:8000/ipam/ip-addresses/116/,,116,2026-03-01T04:27:06.066666Z,,,,,http://192.168.65.40:8000/api/ipam/ip-addresses/116/
172.19.0.27/24,,,,,2026-03-01T04:27:06.117222Z,,172.19.0.27/24,http://192.168.65.40:8000/ipam/ip-addresses/117/,,117,2026-03-01T04:27:06.117239Z,,,,,http://192.168.65.40:8000/api/ipam/ip-addresses/117/
172.19.0.28/24,,,,,2026-03-01T04:27:06.167001Z,,172.19.0.28/24,http://192.168.65.40:8000/ipam/ip-addresses/118/,,118,2026-03-01T04:27:06.167018Z,,,,,http://192.168.65.40:8000/api/ipam/ip-addresses/118/
172.19.0.29/24,,,,,2026-03-01T04:27:06.216277Z,,172.19.0.29/24,http://192.168.65.40:8000/ipam/ip-addresses/119/,,119,2026-03-01T04:27:06.216294Z,,,,,http://192.168.65.40:8000/api/ipam/ip-addresses/119/
172.19.0.30/24,,,,,2026-03-01T04:27:06.265040Z,,172.19.0.30/24,http://192.168.65.40:8000/ipam/ip-addresses/120/,,120,2026-03-01T04:27:06.265057Z,,,,,http://192.168.65.40:8000/api/ipam/ip-addresses/120/
172.20.0.1/24,,,,,2026-03-01T04:27:06.313675Z,,172.20.0.1/24,http://192.168.65.40:8000/ipam/ip-addresses/121/,,121,2026-03-01T04:27:06.313692Z,,,,,http://192.168.65.40:8000/api/ipam/ip-addresses/121/
172.20.0.2/24,,,,,2026-03-01T04:27:06.366925Z,,172.20.0.2/24,http://192.168.65.40:8000/ipam/ip-addresses/122/,,122,2026-03-01T04:27:06.366942Z,,,,,http://192.168.65.40:8000/api/ipam/ip-addresses/122/
172.20.0.3/24,,,,,2026-03-01T04:27:06.420262Z,,172.20.0.3/24,http://192.168.65.40:8000/ipam/ip-addresses/123/,,123,2026-03-01T04:27:06.420281Z,,,,,http://192.168.65.40:8000/api/ipam/ip-addresses/123/
172.20.0.4/24,,,,,2026-03-01T04:27:06.478716Z,,172.20.0.4/24,http://192.168.65.40:8000/ipam/ip-addresses/124/,,124,2026-03-01T04:27:06.478735Z,,,,,http://192.168.65.40:8000/api/ipam/ip-addresses/124/
172.20.0.5/24,,,,,2026-03-01T04:27:06.539330Z,,172.20.0.5/24,http://192.168.65.40:8000/ipam/ip-addresses/125/,,125,2026-03-01T04:27:06.539351Z,,,,,http://192.168.65.40:8000/api/ipam/ip-addresses/125/
172.20.0.6/24,,,,,2026-03-01T04:27:06.602721Z,,172.20.0.6/24,http://192.168.65.40:8000/ipam/ip-addresses/126/,,126,2026-03-01T04:27:06.602738Z,,,,,http://192.168.65.40:8000/api/ipam/ip-addresses/126/
172.20.0.7/24,,,,,2026-03-01T04:27:06.651006Z,,172.20.0.7/24,http://192.168.65.40:8000/ipam/ip-addresses/127/,,127,2026-03-01T04:27:06.651022Z,,,,,http://192.168.65.40:8000/api/ipam/ip-addresses/127/
172.20.0.8/24,,,,,2026-03-01T04:27:06.705281Z,,172.20.0.8/24,http://192.168.65.40:8000/ipam/ip-addresses/128/,,128,2026-03-01T04:27:06.705299Z,,,,,http://192.168.65.40:8000/api/ipam/ip-addresses/128/
172.20.0.9/24,,,,,2026-03-01T04:27:06.760090Z,,172.20.0.9/24,http://192.168.65.40:8000/ipam/ip-addresses/129/,,129,2026-03-01T04:27:06.760107Z,,,,,http://192.168.65.40:8000/api/ipam/ip-addresses/129/
172.20.0.10/24,,,,,2026-03-01T04:27:06.806509Z,,172.20.0.10/24,http://192.168.65.40:8000/ipam/ip-addresses/130/,,130,2026-03-01T04:27:06.806526Z,,,,,http://192.168.65.40:8000/api/ipam/ip-addresses/130/
172.20.0.11/24,,,,,2026-03-01T04:27:06.863347Z,,172.20.0.11/24,http://192.168.65.40:8000/ipam/ip-addresses/131/,,131,2026-03-01T04:27:06.863364Z,,,,,http://192.168.65.40:8000/api/ipam/ip-addresses/131/
172.20.0.12/24,,,,,2026-03-01T04:27:06.916102Z,,172.20.0.12/24,http://192.168.65.40:8000/ipam/ip-addresses/132/,,132,2026-03-01T04:27:06.916119Z,,,,,http://192.168.65.40:8000/api/ipam/ip-addresses/132/
172.20.0.13/24,,,,,2026-03-01T04:27:06.965466Z,,172.20.0.13/24,http://192.168.65.40:8000/ipam/ip-addresses/133/,,133,2026-03-01T04:27:06.965483Z,,,,,http://192.168.65.40:8000/api/ipam/ip-addresses/133/
172.20.0.14/24,,,,,2026-03-01T04:27:07.017781Z,,172.20.0.14/24,http://192.168.65.40:8000/ipam/ip-addresses/134/,,134,2026-03-01T04:27:07.017798Z,,,,,http://192.168.65.40:8000/api/ipam/ip-addresses/134/
172.20.0.15/24,,,,,2026-03-01T04:27:07.069401Z,,172.20.0.15/24,http://192.168.65.40:8000/ipam/ip-addresses/135/,,135,2026-03-01T04:27:07.069419Z,,,,,http://192.168.65.40:8000/api/ipam/ip-addresses/135/
172.20.0.16/24,,,,,2026-03-01T04:27:07.124015Z,,172.20.0.16/24,http://192.168.65.40:8000/ipam/ip-addresses/136/,,136,2026-03-01T04:27:07.124032Z,,,,,http://192.168.65.40:8000/api/ipam/ip-addresses/136/
172.20.0.17/24,,,,,2026-03-01T04:27:07.172968Z,,172.20.0.17/24,http://192.168.65.40:8000/ipam/ip-addresses/137/,,137,2026-03-01T04:27:07.172984Z,,,,,http://192.168.65.40:8000/api/ipam/ip-addresses/137/
172.20.0.18/24,,,,,2026-03-01T04:27:07.225185Z,,172.20.0.18/24,http://192.168.65.40:8000/ipam/ip-addresses/138/,,138,2026-03-01T04:27:07.225202Z,,,,,http://192.168.65.40:8000/api/ipam/ip-addresses/138/
172.20.0.19/24,,,,,2026-03-01T04:27:07.274982Z,,172.20.0.19/24,http://192.168.65.40:8000/ipam/ip-addresses/139/,,139,2026-03-01T04:27:07.274999Z,,,,,http://192.168.65.40:8000/api/ipam/ip-addresses/139/
172.20.0.20/24,,,,,2026-03-01T04:27:07.321338Z,,172.20.0.20/24,http://192.168.65.40:8000/ipam/ip-addresses/140/,,140,2026-03-01T04:27:07.321355Z,,,,,http://192.168.65.40:8000/api/ipam/ip-addresses/140/
172.20.0.21/24,,,,,2026-03-01T04:27:07.375207Z,,172.20.0.21/24,http://192.168.65.40:8000/ipam/ip-addresses/141/,,141,2026-03-01T04:27:07.375224Z,,,,,http://192.168.65.40:8000/api/ipam/ip-addresses/141/
172.20.0.22/24,,,,,2026-03-01T04:27:07.428352Z,,172.20.0.22/24,http://192.168.65.40:8000/ipam/ip-addresses/142/,,142,2026-03-01T04:27:07.428369Z,,,,,http://192.168.65.40:8000/api/ipam/ip-addresses/142/
172.20.0.23/24,,,,,2026-03-01T04:27:07.489329Z,,172.20.0.23/24,http://192.168.65.40:8000/ipam/ip-addresses/143/,,143,2026-03-01T04:27:07.489346Z,,,,,http://192.168.65.40:8000/api/ipam/ip-addresses/143/
172.20.0.24/24,,,,,2026-03-01T04:27:07.541568Z,,172.20.0.24/24,http://192.168.65.40:8000/ipam/ip-addresses/144/,,144,2026-03-01T04:27:07.541585Z,,,,,http://192.168.65.40:8000/api/ipam/ip-addresses/144/
172.20.0.25/24,,,,,2026-03-01T04:27:07.606496Z,,172.20.0.25/24,http://192.168.65.40:8000/ipam/ip-addresses/145/,,145,2026-03-01T04:27:07.606518Z,,,,,http://192.168.65.40:8000/api/ipam/ip-addresses/145/
172.20.0.26/24,,,,,2026-03-01T04:27:07.663304Z,,172.20.0.26/24,http://192.168.65.40:8000/ipam/ip-addresses/146/,,146,2026-03-01T04:27:07.663321Z,,,,,http://192.168.65.40:8000/api/ipam/ip-addresses/146/
172.20.0.27/24,,,,,2026-03-01T04:27:07.717063Z,,172.20.0.27/24,http://192.168.65.40:8000/ipam/ip-addresses/147/,,147,2026-03-01T04:27:07.717080Z,,,,,http://192.168.65.40:8000/api/ipam/ip-addresses/147/
172.20.0.28/24,,,,,2026-03-01T04:27:07.762641Z,,172.20.0.28/24,http://192.168.65.40:8000/ipam/ip-addresses/148/,,148,2026-03-01T04:27:07.762659Z,,,,,http://192.168.65.40:8000/api/ipam/ip-addresses/148/
172.20.0.29/24,,,,,2026-03-01T04:27:07.819385Z,,172.20.0.29/24,http://192.168.65.40:8000/ipam/ip-addresses/149/,,149,2026-03-01T04:27:07.819402Z,,,,,http://192.168.65.40:8000/api/ipam/ip-addresses/149/
172.20.0.30/24,,,,,2026-03-01T04:27:07.869298Z,,172.20.0.30/24,http://192.168.65.40:8000/ipam/ip-addresses/150/,,150,2026-03-01T04:27:07.869315Z,,,,,http://192.168.65.40:8000/api/ipam/ip-addresses/150/
192.168.0.1/22,,,,,2026-03-01T04:27:07.933844Z,,192.168.0.1/22,http://192.168.65.40:8000/ipam/ip-addresses/151/,,151,2026-03-01T04:27:07.933862Z,,,,,http://192.168.65.40:8000/api/ipam/ip-addresses/151/
192.168.0.2/22,,,,,2026-03-01T04:27:07.981102Z,,192.168.0.2/22,http://192.168.65.40:8000/ipam/ip-addresses/152/,,152,2026-03-01T04:27:07.981120Z,,,,,http://192.168.65.40:8000/api/ipam/ip-addresses/152/
192.168.0.3/22,,,,,2026-03-01T04:27:08.042590Z,,192.168.0.3/22,http://192.168.65.40:8000/ipam/ip-addresses/153/,,153,2026-03-01T04:27:08.042607Z,,,,,http://192.168.65.40:8000/api/ipam/ip-addresses/153/
192.168.0.4/22,,,,,2026-03-01T04:27:08.107720Z,,192.168.0.4/22,http://192.168.65.40:8000/ipam/ip-addresses/154/,,154,2026-03-01T04:27:08.107738Z,,,,,http://192.168.65.40:8000/api/ipam/ip-addresses/154/
192.168.0.5/22,,,,,2026-03-01T04:27:08.180470Z,,192.168.0.5/22,http://192.168.65.40:8000/ipam/ip-addresses/155/,,155,2026-03-01T04:27:08.180488Z,,,,,http://192.168.65.40:8000/api/ipam/ip-addresses/155/
192.168.0.6/22,,,,,2026-03-01T04:27:08.246687Z,,192.168.0.6/22,http://192.168.65.40:8000/ipam/ip-addresses/156/,,156,2026-03-01T04:27:08.246705Z,,,,,http://192.168.65.40:8000/api/ipam/ip-addresses/156/
192.168.0.7/22,,,,,2026-03-01T04:27:08.301423Z,,192.168.0.7/22,http://192.168.65.40:8000/ipam/ip-addresses/157/,,157,2026-03-01T04:27:08.301440Z,,,,,http://192.168.65.40:8000/api/ipam/ip-addresses/157/
192.168.0.8/22,,,,,2026-03-01T04:27:08.356496Z,,192.168.0.8/22,http://192.168.65.40:8000/ipam/ip-addresses/158/,,158,2026-03-01T04:27:08.356514Z,,,,,http://192.168.65.40:8000/api/ipam/ip-addresses/158/
192.168.0.9/22,,,,,2026-03-01T04:27:08.404047Z,,192.168.0.9/22,http://192.168.65.40:8000/ipam/ip-addresses/159/,,159,2026-03-01T04:27:08.404066Z,,,,,http://192.168.65.40:8000/api/ipam/ip-addresses/159/
192.168.0.10/22,,,,,2026-03-01T04:27:08.458354Z,,192.168.0.10/22,http://192.168.65.40:8000/ipam/ip-addresses/160/,,160,2026-03-01T04:27:08.458372Z,,,,,http://192.168.65.40:8000/api/ipam/ip-addresses/160/
192.168.0.11/22,,,,,2026-03-01T04:27:08.512054Z,,192.168.0.11/22,http://192.168.65.40:8000/ipam/ip-addresses/161/,,161,2026-03-01T04:27:08.512072Z,,,,,http://192.168.65.40:8000/api/ipam/ip-addresses/161/
192.168.0.12/22,,,,,2026-03-01T04:27:08.616958Z,,192.168.0.12/22,http://192.168.65.40:8000/ipam/ip-addresses/162/,,162,2026-03-01T04:27:08.616979Z,,,,,http://192.168.65.40:8000/api/ipam/ip-addresses/162/
192.168.0.13/22,,,,,2026-03-01T04:27:08.720457Z,,192.168.0.13/22,http://192.168.65.40:8000/ipam/ip-addresses/163/,,163,2026-03-01T04:27:08.720474Z,,,,,http://192.168.65.40:8000/api/ipam/ip-addresses/163/
192.168.0.14/22,,,,,2026-03-01T04:27:08.770210Z,,192.168.0.14/22,http://192.168.65.40:8000/ipam/ip-addresses/164/,,164,2026-03-01T04:27:08.770227Z,,,,,http://192.168.65.40:8000/api/ipam/ip-addresses/164/
192.168.0.15/22,,,,,2026-03-01T04:27:08.852130Z,,192.168.0.15/22,http://192.168.65.40:8000/ipam/ip-addresses/165/,,165,2026-03-01T04:27:08.852147Z,,,,,http://192.168.65.40:8000/api/ipam/ip-addresses/165/
192.168.0.16/22,,,,,2026-03-01T04:27:08.914687Z,,192.168.0.16/22,http://192.168.65.40:8000/ipam/ip-addresses/166/,,166,2026-03-01T04:27:08.914707Z,,,,,http://192.168.65.40:8000/api/ipam/ip-addresses/166/
192.168.0.17/22,,,,,2026-03-01T04:27:08.975797Z,,192.168.0.17/22,http://192.168.65.40:8000/ipam/ip-addresses/167/,,167,2026-03-01T04:27:08.975814Z,,,,,http://192.168.65.40:8000/api/ipam/ip-addresses/167/
192.168.0.18/22,,,,,2026-03-01T04:27:09.085305Z,,192.168.0.18/22,http://192.168.65.40:8000/ipam/ip-addresses/168/,,168,2026-03-01T04:27:09.085321Z,,,,,http://192.168.65.40:8000/api/ipam/ip-addresses/168/
192.168.0.19/22,,,,,2026-03-01T04:27:10.212226Z,,192.168.0.19/22,http://192.168.65.40:8000/ipam/ip-addresses/169/,,169,2026-03-01T04:27:10.212243Z,,,,,http://192.168.65.40:8000/api/ipam/ip-addresses/169/
192.168.0.20/22,,,,,2026-03-01T04:27:10.262959Z,,192.168.0.20/22,http://192.168.65.40:8000/ipam/ip-addresses/170/,,170,2026-03-01T04:27:10.262977Z,,,,,http://192.168.65.40:8000/api/ipam/ip-addresses/170/
192.168.0.21/22,,,,,2026-03-01T04:27:10.311640Z,,192.168.0.21/22,http://192.168.65.40:8000/ipam/ip-addresses/171/,,171,2026-03-01T04:27:10.311657Z,,,,,http://192.168.65.40:8000/api/ipam/ip-addresses/171/
192.168.0.22/22,,,,,2026-03-01T04:27:10.358893Z,,192.168.0.22/22,http://192.168.65.40:8000/ipam/ip-addresses/172/,,172,2026-03-01T04:27:10.358909Z,,,,,http://192.168.65.40:8000/api/ipam/ip-addresses/172/
192.168.0.23/22,,,,,2026-03-01T04:27:10.406643Z,,192.168.0.23/22,http://192.168.65.40:8000/ipam/ip-addresses/173/,,173,2026-03-01T04:27:10.406660Z,,,,,http://192.168.65.40:8000/api/ipam/ip-addresses/173/
192.168.0.24/22,,,,,2026-03-01T04:27:10.456125Z,,192.168.0.24/22,http://192.168.65.40:8000/ipam/ip-addresses/174/,,174,2026-03-01T04:27:10.456142Z,,,,,http://192.168.65.40:8000/api/ipam/ip-addresses/174/
192.168.0.25/22,,,,,2026-03-01T04:27:10.504617Z,,192.168.0.25/22,http://192.168.65.40:8000/ipam/ip-addresses/175/,,175,2026-03-01T04:27:10.504635Z,,,,,http://192.168.65.40:8000/api/ipam/ip-addresses/175/
192.168.0.26/22,,,,,2026-03-01T04:27:10.554800Z,,192.168.0.26/22,http://192.168.65.40:8000/ipam/ip-addresses/176/,,176,2026-03-01T04:27:10.554818Z,,,,,http://192.168.65.40:8000/api/ipam/ip-addresses/176/
192.168.0.27/22,,,,,2026-03-01T04:27:10.610587Z,,192.168.0.27/22,http://192.168.65.40:8000/ipam/ip-addresses/177/,,177,2026-03-01T04:27:10.610605Z,,,,,http://192.168.65.40:8000/api/ipam/ip-addresses/177/
192.168.0.28/22,,,,,2026-03-01T04:27:10.659399Z,,192.168.0.28/22,http://192.168.65.40:8000/ipam/ip-addresses/178/,,178,2026-03-01T04:27:10.659417Z,,,,,http://192.168.65.40:8000/api/ipam/ip-addresses/178/
192.168.0.29/22,,,,,2026-03-01T04:27:10.713009Z,,192.168.0.29/22,http://192.168.65.40:8000/ipam/ip-addresses/179/,,179,2026-03-01T04:27:10.713026Z,,,,,http://192.168.65.40:8000/api/ipam/ip-addresses/179/
192.168.0.30/22,,,,,2026-03-01T04:27:10.772658Z,,192.168.0.30/22,http://192.168.65.40:8000/ipam/ip-addresses/180/,,180,2026-03-01T04:27:10.772678Z,,,,,http://192.168.65.40:8000/api/ipam/ip-addresses/180/
